frequency_hz,z0_real,z0_imag,s11_real,s11_imag,s21_real,s21_imag
3.000000000000e+09,3.089352285060e+01,-6.291231509676e-04,-3.013508779933e-03,-2.638995407938e-02,9.963120020467e-01,-4.372990935461e-02
3.015000000000e+09,3.089283300019e+01,2.312449456256e-03,-3.003359303248e-03,-2.646846987571e-02,9.963391778881e-01,-4.385999997684e-02
3.030000000000e+09,3.089224335526e+01,5.071642778335e-03,-2.992410010546e-03,-2.654902022298e-02,9.963678103261e-01,-4.399340059383e-02
3.045000000000e+09,3.089174936824e+01,7.654303071341e-03,-2.980744159788e-03,-2.663157124875e-02,9.963977617080e-01,-4.413005875158e-02
3.060000000000e+09,3.089134660152e+01,1.006626299217e-02,-2.968441393630e-03,-2.671608771780e-02,9.964289002499e-01,-4.426991965569e-02
3.075000000000e+09,3.089103072996e+01,1.231333067748e-02,-2.955577820439e-03,-2.680253320286e-02,9.964610999099e-01,-4.441292645272e-02
3.090000000000e+09,3.089079754279e+01,1.440127944933e-02,-2.942226098908e-03,-2.689087024519e-02,9.964942402550e-01,-4.455902049479e-02
3.105000000000e+09,3.089064294499e+01,1.633583816180e-02,-2.928455525646e-03,-2.698106050515e-02,9.965282063230e-01,-4.470814158822e-02
3.120000000000e+09,3.089056295806e+01,1.812268211071e-02,-2.914332125114e-03,-2.707306490326e-02,9.965628884801e-01,-4.486022822644e-02
3.135000000000e+09,3.089055372051e+01,1.976742462601e-02,-2.899918741363e-03,-2.716684375187e-02,9.965981822752e-01,-4.501521780794e-02
3.150000000000e+09,3.089061148773e+01,2.127560926382e-02,-2.885275131099e-03,-2.726235687801e-02,9.966339882918e-01,-4.517304683959e-02
3.165000000000e+09,3.089073263159e+01,2.265270255880e-02,-2.870458057575e-03,-2.735956373771e-02,9.966702119986e-01,-4.533365112612e-02
3.180000000000e+09,3.089091363965e+01,2.390408743478e-02,-2.855521384926e-03,-2.745842352203e-02,9.967067635983e-01,-4.549696594618e-02
3.195000000000e+09,3.089115111409e+01,2.503505720035e-02,-2.840516172558e-03,-2.755889525536e-02,9.967435578773e-01,-4.566292621571e-02
3.210000000000e+09,3.089144177028e+01,2.605081008159e-02,-2.825490769257e-03,-2.766093788617e-02,9.967805140542e-01,-4.583146663900e-02
3.225000000000e+09,3.089178243519e+01,2.695644431317e-02,-2.810490906720e-03,-2.776451037082e-02,9.968175556299e-01,-4.600252184828e-02
3.240000000000e+09,3.089217004557e+01,2.775695381506e-02,-2.795559792230e-03,-2.786957175040e-02,9.968546102389e-01,-4.617602653216e-02
3.255000000000e+09,3.089260164588e+01,2.845722435114e-02,-2.780738200258e-03,-2.797608122142e-02,9.968916095017e-01,-4.635191555369e-02
3.270000000000e+09,3.089307438614e+01,2.906203016450e-02,-2.766064562761e-03,-2.808399820028e-02,9.969284888796e-01,-4.653012405846e-02
3.285000000000e+09,3.089358551967e+01,2.957603118306e-02,-2.751575058015e-03,-2.819328238211e-02,9.969651875311e-01,-4.671058757341e-02
3.300000000000e+09,3.089413240057e+01,3.000377055509e-02,-2.737303697814e-03,-2.830389379422e-02,9.970016481714e-01,-4.689324209665e-02
3.315000000000e+09,3.089471248132e+01,3.034967273683e-02,-2.723282412913e-03,-2.841579284448e-02,9.970378169342e-01,-4.707802417914e-02
3.330000000000e+09,3.089532331020e+01,3.061804191784e-02,-2.709541136584e-03,-2.852894036489e-02,9.970736432369e-01,-4.726487099841e-02
3.345000000000e+09,3.089596252865e+01,3.081306087871e-02,-2.696107886222e-03,-2.864329765078e-02,9.971090796481e-01,-4.745372042492e-02
3.360000000000e+09,3.089662786872e+01,3.093879015707e-02,-2.683008842899e-03,-2.875882649571e-02,9.971440817592e-01,-4.764451108160e-02
3.375000000000e+09,3.089731715034e+01,3.099916764021e-02,-2.670268428815e-03,-2.887548922255e-02,9.971786080582e-01,-4.783718239689e-02
3.390000000000e+09,3.089802827880e+01,3.099800840014e-02,-2.657909382610e-03,-2.899324871083e-02,9.972126198081e-01,-4.803167465169e-02
3.405000000000e+09,3.089875924199e+01,3.093900487241e-02,-2.645952832487e-03,-2.911206842072e-02,9.972460809281e-01,-4.822792902080e-02
3.420000000000e+09,3.089950810795e+01,3.082572731088e-02,-2.634418367151e-03,-2.923191241380e-02,9.972789578779e-01,-4.842588760897e-02
3.435000000000e+09,3.090027302222e+01,3.066162446165e-02,-2.623324104521e-03,-2.935274537096e-02,9.973112195464e-01,-4.862549348216e-02
3.450000000000e+09,3.090105220536e+01,3.045002452519e-02,-2.612686758255e-03,-2.947453260745e-02,9.973428371435e-01,-4.882669069424e-02
3.465000000000e+09,3.090184395047e+01,3.019413627090e-02,-2.602521702048e-03,-2.959724008546e-02,9.973737840949e-01,-4.902942430946e-02
3.480000000000e+09,3.090264662079e+01,2.989705042890e-02,-2.592843031771e-03,-2.972083442436e-02,9.974040359416e-01,-4.923364042106e-02
3.495000000000e+09,3.090345864736e+01,2.956174116055e-02,-2.583663625429e-03,-2.984528290875e-02,9.974335702413e-01,-4.943928616625e-02
3.510000000000e+09,3.090427852668e+01,2.919106780437e-02,-2.574995200991e-03,-2.997055349453e-02,9.974623664750e-01,-4.964630973787e-02
3.525000000000e+09,3.090510481857e+01,2.878777663686e-02,-2.566848372109e-03,-3.009661481312e-02,9.974904059551e-01,-4.985466039306e-02
3.540000000000e+09,3.090593614396e+01,2.835450289078e-02,-2.559232701780e-03,-3.022343617400e-02,9.975176717386e-01,-5.006428845897e-02
3.555000000000e+09,3.090677118281e+01,2.789377276835e-02,-2.552156753973e-03,-3.035098756575e-02,9.975441485421e-01,-5.027514533610e-02
3.570000000000e+09,3.090760867213e+01,2.740800566549e-02,-2.545628143270e-03,-3.047923965563e-02,9.975698226610e-01,-5.048718349906e-02
3.585000000000e+09,3.090844740400e+01,2.689951637509e-02,-2.539653582581e-03,-3.060816378788e-02,9.975946818911e-01,-5.070035649540e-02
3.600000000000e+09,3.090928622372e+01,2.637051743507e-02,-2.534238928954e-03,-3.073773198090e-02,9.976187154540e-01,-5.091461894228e-02
3.615000000000e+09,3.091012402802e+01,2.582312153659e-02,-2.529389227556e-03,-3.086791692333e-02,9.976419139245e-01,-5.112992652150e-02
3.630000000000e+09,3.091095976328e+01,2.525934390557e-02,-2.525108753844e-03,-3.099869196921e-02,9.976642691622e-01,-5.134623597285e-02
3.645000000000e+09,3.091179242392e+01,2.468110484839e-02,-2.521401054023e-03,-3.113003113222e-02,9.976857742444e-01,-5.156350508604e-02
3.660000000000e+09,3.091262105076e+01,2.409023220814e-02,-2.518268983796e-03,-3.126190907925e-02,9.977064234030e-01,-5.178169269130e-02
3.675000000000e+09,3.091344472950e+01,2.348846391695e-02,-2.515714745481e-03,-3.139430112316e-02,9.977262119634e-01,-5.200075864881e-02
3.690000000000e+09,3.091426258923e+01,2.287745054456e-02,-2.513739923553e-03,-3.152718321507e-02,9.977451362861e-01,-5.222066383710e-02
3.705000000000e+09,3.091507380103e+01,2.225875784872e-02,-2.512345518644e-03,-3.166053193596e-02,9.977631937108e-01,-5.244137014054e-02
3.720000000000e+09,3.091587757660e+01,2.163386930136e-02,-2.511531980072e-03,-3.179432448792e-02,9.977803825028e-01,-5.266284043597e-02
3.735000000000e+09,3.091667316698e+01,2.100418868254e-02,-2.511299236934e-03,-3.192853868493e-02,9.977967018020e-01,-5.288503857862e-02
3.750000000000e+09,3.091745986127e+01,2.037104254371e-02,-2.511646727824e-03,-3.206315294328e-02,9.978121515739e-01,-5.310792938745e-02
3.765000000000e+09,3.091823698542e+01,1.973568279897e-02,-2.512573429230e-03,-3.219814627172e-02,9.978267325629e-01,-5.333147862995e-02
3.780000000000e+09,3.091900390116e+01,1.909928916687e-02,-2.514077882633e-03,-3.233349826130e-02,9.978404462472e-01,-5.355565300642e-02
3.795000000000e+09,3.091976000476e+01,1.846297164170e-02,-2.516158220395e-03,-3.246918907511e-02,9.978532947966e-01,-5.378042013395e-02
3.810000000000e+09,3.092050472610e+01,1.782777295324e-02,-2.518812190448e-03,-3.260519943766e-02,9.978652810315e-01,-5.400574853003e-02
3.825000000000e+09,3.092123752757e+01,1.719467095029e-02,-2.522037179853e-03,-3.274151062436e-02,9.978764083841e-01,-5.423160759598e-02
3.840000000000e+09,3.092195790310e+01,1.656458098249e-02,-2.525830237259e-03,-3.287810445069e-02,9.978866808611e-01,-5.445796760006e-02
3.855000000000e+09,3.092266537725e+01,1.593835821234e-02,-2.530188094313e-03,-3.301496326145e-02,9.978961030084e-01,-5.468479966062e-02
3.870000000000e+09,3.092335950425e+01,1.531679992032e-02,-2.535107186066e-03,-3.315206991989e-02,9.979046798775e-01,-5.491207572897e-02
3.885000000000e+09,3.092403986716e+01,1.470064773800e-02,-2.540583670402e-03,-3.328940779687e-02,9.979124169928e-01,-5.513976857233e-02
3.900000000000e+09,3.092470607701e+01,1.409058985067e-02,-2.546613446550e-03,-3.342696076002e-02,9.979193203217e-01,-5.536785175676e-02
3.915000000000e+09,3.092535777198e+01,1.348726315132e-02,-2.553192172702e-03,-3.356471316289e-02,9.979253962447e-01,-5.559629963001e-02
3.930000000000e+09,3.092599461661e+01,1.289125535023e-02,-2.560315282778e-03,-3.370264983422e-02,9.979306515279e-01,-5.582508730457e-02
3.945000000000e+09,3.092661630105e+01,1.230310702373e-02,-2.567978002375e-03,-3.384075606727e-02,9.979350932965e-01,-5.605419064072e-02
3.960000000000e+09,3.092722254031e+01,1.172331363700e-02,-2.576175363944e-03,-3.397901760915e-02,9.979387290096e-01,-5.628358622975e-02
3.975000000000e+09,3.092781307353e+01,1.115232749265e-02,-2.584902221206e-03,-3.411742065036e-02,9.979415664362e-01,-5.651325137724e-02
3.990000000000e+09,3.092838766333e+01,1.059055963815e-02,-2.594153262867e-03,-3.425595181441e-02,9.979436136323e-01,-5.674316408660e-02
4.005000000000e+09,3.092894609506e+01,1.003838172681e-02,-2.603923025637e-03,-3.439459814747e-02,9.979448789194e-01,-5.697330304274e-02
4.020000000000e+09,3.092948817622e+01,9.496127843894e-03,-2.614205906608e-03,-3.453334710832e-02,9.979453708637e-01,-5.720364759591e-02
4.035000000000e+09,3.093001373577e+01,8.964096226822e-03,-2.624996174997e-03,-3.467218655828e-02,9.979450982567e-01,-5.743417774583e-02
4.050000000000e+09,3.093052262352e+01,8.442551009969e-03,-2.636287983296e-03,-3.481110475140e-02,9.979440700964e-01,-5.766487412596e-02
4.065000000000e+09,3.093101470956e+01,7.931723859134e-03,-2.648075377859e-03,-3.495009032475e-02,9.979422955698e-01,-5.789571798806e-02
4.080000000000e+09,3.093148988358e+01,7.431815588995e-03,-2.660352308935e-03,-3.508913228887e-02,9.979397840362e-01,-5.812669118699e-02
4.095000000000e+09,3.093194805440e+01,6.942997724578e-03,-2.673112640186e-03,-3.522822001842e-02,9.979365450107e-01,-5.835777616575e-02
4.110000000000e+09,3.093238914932e+01,6.465413995708e-03,-2.686350157708e-03,-3.536734324298e-02,9.979325881501e-01,-5.858895594079e-02
4.125000000000e+09,3.093281311361e+01,5.999181825741e-03,-2.700058578584e-03,-3.550649203800e-02,9.979279232375e-01,-5.882021408757e-02
4.140000000000e+09,3.093321990995e+01,5.544393706259e-03,-2.714231558977e-03,-3.564565681595e-02,9.979225601698e-01,-5.905153472645e-02
4.155000000000e+09,3.093360951793e+01,5.101118604797e-03,-2.728862701802e-03,-3.578482831766e-02,9.979165089437e-01,-5.928290250877e-02
4.170000000000e+09,3.093398193346e+01,4.669403267282e-03,-2.743945563981e-03,-3.592399760380e-02,9.979097796445e-01,-5.951430260327e-02
4.185000000000e+09,3.093433716837e+01,4.249273487792e-03,-2.759473663308e-03,-3.606315604656e-02,9.979023824341e-01,-5.974572068278e-02
4.200000000000e+09,3.093467524978e+01,3.840735352770e-03,-2.775440484947e-03,-3.620229532151e-02,9.978943275398e-01,-5.997714291118e-02
4.215000000000e+09,3.093499621974e+01,3.443776415700e-03,-2.791839487565e-03,-3.634140739967e-02,9.978856252448e-01,-6.020855593064e-02
4.230000000000e+09,3.093530013462e+01,3.058366854289e-03,-2.808664109133e-03,-3.648048453965e-02,9.978762858774e-01,-6.043994684916e-02
4.245000000000e+09,3.093558706476e+01,2.684460562784e-03,-2.825907772408e-03,-3.661951928010e-02,9.978663198026e-01,-6.067130322835e-02
4.260000000000e+09,3.093585709389e+01,2.321996226108e-03,-2.843563890098e-03,-3.675850443227e-02,9.978557374130e-01,-6.090261307157e-02
4.275000000000e+09,3.093611031877e+01,1.970898317604e-03,-2.861625869741e-03,-3.689743307275e-02,9.978445491203e-01,-6.113386481224e-02
4.290000000000e+09,3.093634684865e+01,1.631078113462e-03,-2.880087118308e-03,-3.703629853637e-02,9.978327653482e-01,-6.136504730251e-02
4.305000000000e+09,3.093656680491e+01,1.302434604947e-03,-2.898941046532e-03,-3.717509440931e-02,9.978203965242e-01,-6.159614980218e-02
4.320000000000e+09,3.093677032055e+01,9.848554203275e-04,-2.918181072999e-03,-3.731381452237e-02,9.978074530735e-01,-6.182716196786e-02
4.335000000000e+09,3.093695753983e+01,6.782176957594e-04,-2.937800627985e-03,-3.745245294437e-02,9.977939454118e-01,-6.205807384246e-02
4.350000000000e+09,3.093712861777e+01,3.823889068944e-04,-2.957793157071e-03,-3.759100397576e-02,9.977798839397e-01,-6.228887584484e-02
4.365000000000e+09,3.093728371982e+01,9.722766246369e-05,-2.978152124546e-03,-3.772946214235e-02,9.977652790363e-01,-6.251955875984e-02
4.380000000000e+09,3.093742302137e+01,-1.774155262116e-04,-2.998871016593e-03,-3.786782218928e-02,9.977501410544e-01,-6.275011372848e-02
4.395000000000e+09,3.093754670741e+01,-4.416975051522e-04,-3.019943344288e-03,-3.800607907503e-02,9.977344803148e-01,-6.298053223847e-02
4.410000000000e+09,3.093765497210e+01,-6.957817925077e-04,-3.041362646408e-03,-3.814422796570e-02,9.977183071020e-01,-6.321080611488e-02
4.425000000000e+09,3.093774801837e+01,-9.398378962538e-04,-3.063122492063e-03,-3.828226422934e-02,9.977016316594e-01,-6.344092751116e-02
4.440000000000e+09,3.093782605759e+01,-1.174040673633e-03,-3.085216483162e-03,-3.842018343054e-02,9.976844641850e-01,-6.367088890033e-02
4.455000000000e+09,3.093788930913e+01,-1.398569732142e-03,-3.107638256710e-03,-3.855798132505e-02,9.976668148276e-01,-6.390068306643e-02
4.470000000000e+09,3.093793800001e+01,-1.613608839565e-03,-3.130381486968e-03,-3.869565385461e-02,9.976486936832e-01,-6.413030309616e-02
4.485000000000e+09,3.093797236456e+01,-1.819345367400e-03,-3.153439887454e-03,-3.883319714197e-02,9.976301107912e-01,-6.435974237083e-02
4.500000000000e+09,3.093799264402e+01,-2.015969772151e-03,-3.176807212821e-03,-3.897060748587e-02,9.976110761314e-01,-6.458899455841e-02
4.515000000000e+09,3.093799908623e+01,-2.203675083923e-03,-3.200477260587e-03,-3.910788135640e-02,9.975915996210e-01,-6.481805360594e-02
4.530000000000e+09,3.093799194524e+01,-2.382656433704e-03,-3.224443872763e-03,-3.924501539027e-02,9.975716911115e-01,-6.504691373198e-02
4.545000000000e+09,3.093797148100e+01,-2.553110603681e-03,-3.248700937346e-03,-3.938200638632e-02,9.975513603866e-01,-6.527556941944e-02
4.560000000000e+09,3.093793795899e+01,-2.715235583479e-03,-3.273242389714e-03,-3.951885130118e-02,9.975306171593e-01,-6.550401540846e-02
4.575000000000e+09,3.093789164995e+01,-2.869230191452e-03,-3.298062213905e-03,-3.965554724496e-02,9.975094710697e-01,-6.573224668960e-02
4.590000000000e+09,3.093783282950e+01,-3.015293664347e-03,-3.323154443804e-03,-3.979209147713e-02,9.974879316833e-01,-6.596025849719e-02
4.605000000000e+09,3.093776177784e+01,-3.153625309694e-03,-3.348513164235e-03,-3.992848140248e-02,9.974660084886e-01,-6.618804630278e-02
4.620000000000e+09,3.093767877945e+01,-3.284424144717e-03,-3.374132511957e-03,-4.006471456724e-02,9.974437108956e-01,-6.641560580892e-02
4.635000000000e+09,3.093758412278e+01,-3.407888605286e-03,-3.400006676584e-03,-4.020078865524e-02,9.974210482341e-01,-6.664293294303e-02
4.650000000000e+09,3.093747809993e+01,-3.524216205180e-03,-3.426129901415e-03,-4.033670148425e-02,9.973980297523e-01,-6.687002385143e-02
4.665000000000e+09,3.093736100641e+01,-3.633603273465e-03,-3.452496484201e-03,-4.047245100238e-02,9.973746646151e-01,-6.709687489358e-02
4.680000000000e+09,3.093723314077e+01,-3.736244691753e-03,-3.479100777825e-03,-4.060803528460e-02,9.973509619035e-01,-6.732348263651e-02
4.695000000000e+09,3.093709480440e+01,-3.832333616252e-03,-3.505937190927e-03,-4.074345252936e-02,9.973269306126e-01,-6.754984384932e-02
4.710000000000e+09,3.093694630120e+01,-3.922061275935e-03,-3.533000188456e-03,-4.087870105529e-02,9.973025796514e-01,-6.777595549794e-02
4.725000000000e+09,3.093678793734e+01,-4.005616738760e-03,-3.560284292165e-03,-4.101377929803e-02,9.972779178415e-01,-6.800181473994e-02
4.740000000000e+09,3.093662002098e+01,-4.083186698599e-03,-3.587784081051e-03,-4.114868580711e-02,9.972529539161e-01,-6.822741891959e-02
4.755000000000e+09,3.093644286203e+01,-4.154955309366e-03,-3.615494191735e-03,-4.128341924296e-02,9.972276965199e-01,-6.845276556302e-02
4.770000000000e+09,3.093625677185e+01,-4.221104004282e-03,-3.643409318796e-03,-4.141797837398e-02,9.972021542076e-01,-6.867785237348e-02
4.785000000000e+09,3.093606206307e+01,-4.281811319045e-03,-3.671524215053e-03,-4.155236207370e-02,9.971763354441e-01,-6.890267722678e-02
4.800000000000e+09,3.093585904930e+01,-4.337252773315e-03,-3.699833691805e-03,-4.168656931804e-02,9.971502486038e-01,-6.912723816691e-02
4.815000000000e+09,3.093564804493e+01,-4.387600707358e-03,-3.728332619027e-03,-4.182059918263e-02,9.971239019698e-01,-6.935153340168e-02
4.830000000000e+09,3.093542936485e+01,-4.433024188559e-03,-3.757015925526e-03,-4.195445084020e-02,9.970973037341e-01,-6.957556129857e-02
4.845000000000e+09,3.093520332430e+01,-4.473688875394e-03,-3.785878599055e-03,-4.208812355811e-02,9.970704619972e-01,-6.979932038066e-02
4.860000000000e+09,3.093497023857e+01,-4.509756928130e-03,-3.814915686402e-03,-4.222161669583e-02,9.970433847677e-01,-7.002280932274e-02
4.875000000000e+09,3.093473042284e+01,-4.541386930938e-03,-3.844122293431e-03,-4.235492970265e-02,9.970160799622e-01,-7.024602694743e-02
4.890000000000e+09,3.093448419197e+01,-4.568733789816e-03,-3.873493585106e-03,-4.248806211531e-02,9.969885554054e-01,-7.046897222152e-02
4.905000000000e+09,3.093423186028e+01,-4.591948689244e-03,-3.903024785476e-03,-4.262101355581e-02,9.969608188298e-01,-7.069164425236e-02
4.920000000000e+09,3.093397374136e+01,-4.611179008259e-03,-3.932711177635e-03,-4.275378372922e-02,9.969328778760e-01,-7.091404228436e-02
4.935000000000e+09,3.093371014790e+01,-4.626568289429e-03,-3.962548103660e-03,-4.288637242159e-02,9.969047400923e-01,-7.113616569563e-02
4.950000000000e+09,3.093344139144e+01,-4.638256188916e-03,-3.992530964520e-03,-4.301877949788e-02,9.968764129354e-01,-7.135801399466e-02
4.965000000000e+09,3.093316778228e+01,-4.646378441596e-03,-4.022655219964e-03,-4.315100490002e-02,9.968479037699e-01,-7.157958681716e-02
4.980000000000e+09,3.093288962925e+01,-4.651066837308e-03,-4.052916388390e-03,-4.328304864494e-02,9.968192198689e-01,-7.180088392296e-02
4.995000000000e+09,3.093260723954e+01,-4.652449203656e-03,-4.083310046695e-03,-4.341491082275e-02,9.967903684139e-01,-7.202190519298e-02
5.010000000000e+09,3.093232091855e+01,-4.650649391506e-03,-4.113831830101e-03,-4.354659159490e-02,9.967613564955e-01,-7.224265062637e-02
5.025000000000e+09,3.093203096972e+01,-4.645787272212e-03,-4.144477431976e-03,-4.367809119243e-02,9.967321911130e-01,-7.246312033764e-02
5.040000000000e+09,3.093173769440e+01,-4.637978742852e-03,-4.175242603623e-03,-4.380940991427e-02,9.967028791753e-01,-7.268331455393e-02
5.055000000000e+09,3.093144139167e+01,-4.627335725881e-03,-4.206123154073e-03,-4.394054812558e-02,9.966734275008e-01,-7.290323361236e-02
5.070000000000e+09,3.093114235820e+01,-4.613966196944e-03,-4.237114949853e-03,-4.407150625614e-02,9.966438428179e-01,-7.312287795746e-02
5.085000000000e+09,3.093084088813e+01,-4.597974186646e-03,-4.268213914743e-03,-4.420228479883e-02,9.966141317653e-01,-7.334224813862e-02
5.100000000000e+09,3.093053727291e+01,-4.579459817769e-03,-4.299416029530e-03,-4.433288430806e-02,9.965843008926e-01,-7.356134480773e-02
5.115000000000e+09,3.093023180121e+01,-4.558519339114e-03,-4.330717331740e-03,-4.446330539836e-02,9.965543566603e-01,-7.378016871675e-02
5.130000000000e+09,3.092992475872e+01,-4.535245142805e-03,-4.362113915375e-03,-4.459354874292e-02,9.965243054406e-01,-7.399872071549e-02
5.145000000000e+09,3.092961642812e+01,-4.509725822320e-03,-4.393601930629e-03,-4.472361507222e-02,9.964941535177e-01,-7.421700174936e-02
5.160000000000e+09,3.092930708888e+01,-4.482046206258e-03,-4.425177583603e-03,-4.485350517271e-02,9.964639070879e-01,-7.443501285723e-02
5.175000000000e+09,3.092899701721e+01,-4.452287403624e-03,-4.456837136018e-03,-4.498321988549e-02,9.964335722607e-01,-7.465275516933e-02
5.190000000000e+09,3.092868648592e+01,-4.420526855183e-03,-4.488576904910e-03,-4.511276010507e-02,9.964031550588e-01,-7.487022990524e-02
5.205000000000e+09,3.092837576431e+01,-4.386838408564e-03,-4.520393262338e-03,-4.524212677812e-02,9.963726614185e-01,-7.508743837194e-02
5.220000000000e+09,3.092806511811e+01,-4.351292339115e-03,-4.552282635064e-03,-4.537132090232e-02,9.963420971908e-01,-7.530438196187e-02
5.235000000000e+09,3.092775480933e+01,-4.313955444902e-03,-4.584241504256e-03,-4.550034352518e-02,9.963114681410e-01,-7.552106215114e-02
5.250000000000e+09,3.092744509621e+01,-4.274891093377e-03,-4.616266405167e-03,-4.562919574293e-02,9.962807799501e-01,-7.573748049767e-02
5.265000000000e+09,3.092713623312e+01,-4.234159288628e-03,-4.648353926827e-03,-4.575787869944e-02,9.962500382144e-01,-7.595363863951e-02
5.280000000000e+09,3.092682847048e+01,-4.191816758202e-03,-4.680500711717e-03,-4.588639358520e-02,9.962192484470e-01,-7.616953829313e-02
5.295000000000e+09,3.092652205464e+01,-4.147916998331e-03,-4.712703455461e-03,-4.601474163624e-02,9.961884160773e-01,-7.638518125180e-02
5.310000000000e+09,3.092621722789e+01,-4.102510373188e-03,-4.744958906505e-03,-4.614292413320e-02,9.961575464523e-01,-7.660056938398e-02
5.325000000000e+09,3.092591422831e+01,-4.055644173483e-03,-4.777263865794e-03,-4.627094240032e-02,9.961266448366e-01,-7.681570463182e-02
5.340000000000e+09,3.092561328972e+01,-4.007362710849e-03,-4.809615186463e-03,-4.639879780456e-02,9.960957164132e-01,-7.703058900962e-02
5.355000000000e+09,3.092531464163e+01,-3.957707380741e-03,-4.842009773512e-03,-4.652649175465e-02,9.960647662840e-01,-7.724522460246e-02
5.370000000000e+09,3.092501850918e+01,-3.906716757330e-03,-4.874444583500e-03,-4.665402570026e-02,9.960337994701e-01,-7.745961356470e-02
5.385000000000e+09,3.092472511307e+01,-3.854426673475e-03,-4.906916624223e-03,-4.678140113111e-02,9.960028209124e-01,-7.767375811871e-02
5.400000000000e+09,3.092443466949e+01,-3.800870304591e-03,-4.939422954409e-03,-4.690861957616e-02,9.959718354724e-01,-7.788766055349e-02
5.415000000000e+09,3.092414739010e+01,-3.746078253525e-03,-4.971960683404e-03,-4.703568260281e-02,9.959408479322e-01,-7.810132322343e-02
5.430000000000e+09,3.092386348197e+01,-3.690078647841e-03,-5.004526970875e-03,-4.716259181613e-02,9.959098629953e-01,-7.831474854705e-02
5.445000000000e+09,3.092358314753e+01,-3.632897208708e-03,-5.037119026500e-03,-4.728934885811e-02,9.958788852871e-01,-7.852793900578e-02
5.460000000000e+09,3.092330658451e+01,-3.574557360697e-03,-5.069734109674e-03,-4.741595540689e-02,9.958479193553e-01,-7.874089714285e-02
5.475000000000e+09,3.092303398593e+01,-3.515080310107e-03,-5.102369529213e-03,-4.754241317612e-02,9.958169696704e-01,-7.895362556209e-02
5.490000000000e+09,3.092276554008e+01,-3.454485137775e-03,-5.135022643067e-03,-4.766872391419e-02,9.957860406261e-01,-7.916612692686e-02
5.505000000000e+09,3.092250143041e+01,-3.392788898031e-03,-5.167690858031e-03,-4.779488940362e-02,9.957551365400e-01,-7.937840395902e-02
5.520000000000e+09,3.092224183558e+01,-3.330006693065e-03,-5.200371629470e-03,-4.792091146040e-02,9.957242616539e-01,-7.959045943783e-02
5.535000000000e+09,3.092198692939e+01,-3.266151788440e-03,-5.233062461039e-03,-4.804679193335e-02,9.956934201341e-01,-7.980229619901e-02
5.550000000000e+09,3.092173688077e+01,-3.201235688888e-03,-5.265760904417e-03,-4.817253270349e-02,9.956626160722e-01,-8.001391713371e-02
5.565000000000e+09,3.092149185374e+01,-3.135268240224e-03,-5.298464559044e-03,-4.829813568350e-02,9.956318534853e-01,-8.022532518763e-02
5.580000000000e+09,3.092125200740e+01,-3.068257718306e-03,-5.331171071862e-03,-4.842360281708e-02,9.956011363165e-01,-8.043652336004e-02
5.595000000000e+09,3.092101749593e+01,-3.000210922869e-03,-5.363878137067e-03,-4.854893607845e-02,9.955704684352e-01,-8.064751470297e-02
5.610000000000e+09,3.092078846854e+01,-2.931133277490e-03,-5.396583495860e-03,-4.867413747174e-02,9.955398536376e-01,-8.085830232025e-02
5.625000000000e+09,3.092056506947e+01,-2.861028916047e-03,-5.429284936217e-03,-4.879920903054e-02,9.955092956472e-01,-8.106888936676e-02
5.640000000000e+09,3.092034743799e+01,-2.789900776273e-03,-5.461980292648e-03,-4.892415281731e-02,9.954787981151e-01,-8.127927904760e-02
5.655000000000e+09,3.092013570839e+01,-2.717750701785e-03,-5.494667445987e-03,-4.904897092293e-02,9.954483646203e-01,-8.148947461725e-02
5.670000000000e+09,3.091993000995e+01,-2.644579525953e-03,-5.527344323168e-03,-4.917366546620e-02,9.954179986700e-01,-8.169947937888e-02
5.685000000000e+09,3.091973046696e+01,-2.570387169982e-03,-5.560008897018e-03,-4.929823859338e-02,9.953877037002e-01,-8.190929668356e-02
5.700000000000e+09,3.091953719871e+01,-2.495172734478e-03,-5.592659186059e-03,-4.942269247771e-02,9.953574830759e-01,-8.211892992956e-02
5.715000000000e+09,3.091935031949e+01,-2.418934591107e-03,-5.625293254318e-03,-4.954702931897e-02,9.953273400914e-01,-8.232838256164e-02
5.730000000000e+09,3.091916993858e+01,-2.341670483330e-03,-5.657909211142e-03,-4.967125134306e-02,9.952972779707e-01,-8.253765807038e-02
5.745000000000e+09,3.091899616028e+01,-2.263377601085e-03,-5.690505211021e-03,-4.979536080158e-02,9.952672998676e-01,-8.274675999153e-02
5.760000000000e+09,3.091882908387e+01,-2.184052684026e-03,-5.723079453428e-03,-4.991935997141e-02,9.952374088662e-01,-8.295569190533e-02
5.775000000000e+09,3.091866880369e+01,-2.103692117457e-03,-5.755630182656e-03,-5.004325115429e-02,9.952076079810e-01,-8.316445743593e-02
5.790000000000e+09,3.091851540907e+01,-2.022292012106e-03,-5.788155687677e-03,-5.016703667648e-02,9.951779001574e-01,-8.337306025077e-02
5.805000000000e+09,3.091836898437e+01,-1.939848291805e-03,-5.820654301997e-03,-5.029071888834e-02,9.951482882717e-01,-8.358150405999e-02
5.820000000000e+09,3.091822960902e+01,-1.856356795879e-03,-5.853124403532e-03,-5.041430016396e-02,9.951187751314e-01,-8.378979261585e-02
5.835000000000e+09,3.091809735750e+01,-1.771813354810e-03,-5.885564414486e-03,-5.053778290083e-02,9.950893634752e-01,-8.399792971219e-02
5.850000000000e+09,3.091797229937e+01,-1.686213888183e-03,-5.917972801247e-03,-5.066116951948e-02,9.950600559737e-01,-8.420591918388e-02
5.865000000000e+09,3.091785449927e+01,-1.599554483579e-03,-5.950348074280e-03,-5.078446246311e-02,9.950308552292e-01,-8.441376490628e-02
5.880000000000e+09,3.091774401696e+01,-1.511831485154e-03,-5.982688788048e-03,-5.090766419728e-02,9.950017637757e-01,-8.462147079474e-02
5.895000000000e+09,3.091764090732e+01,-1.423041583396e-03,-6.014993540924e-03,-5.103077720957e-02,9.949727840795e-01,-8.482904080412e-02
5.910000000000e+09,3.091754522041e+01,-1.333181893205e-03,-6.047260975132e-03,-5.115380400929e-02,9.949439185390e-01,-8.503647892826e-02
5.925000000000e+09,3.091745700143e+01,-1.242250045668e-03,-6.079489776687e-03,-5.127674712710e-02,9.949151694849e-01,-8.524378919951e-02
5.940000000000e+09,3.091737629079e+01,-1.150244264202e-03,-6.111678675350e-03,-5.139960911480e-02,9.948865391803e-01,-8.545097568830e-02
5.955000000000e+09,3.091730312412e+01,-1.057163451402e-03,-6.143826444592e-03,-5.152239254492e-02,9.948580298207e-01,-8.565804250266e-02
5.970000000000e+09,3.091723753232e+01,-9.630072656312e-04,-6.175931901575e-03,-5.164510001052e-02,9.948296435341e-01,-8.586499378777e-02
5.985000000000e+09,3.091717954152e+01,-8.677762065968e-04,-6.207993907141e-03,-5.176773412484e-02,9.948013823809e-01,-8.607183372554e-02
6.000000000000e+09,3.091712917321e+01,-7.714716915898e-04,-6.240011365805e-03,-5.189029752105e-02,9.947732483544e-01,-8.627856653418e-02
6.015000000000e+09,3.091708644416e+01,-6.740961369078e-04,-6.271983225782e-03,-5.201279285195e-02,9.947452433799e-01,-8.648519646780e-02
6.030000000000e+09,3.091705136656e+01,-5.756530295506e-04,-6.303908478999e-03,-5.213522278972e-02,9.947173693157e-01,-8.669172781596e-02
6.045000000000e+09,3.091702394796e+01,-4.761470113361e-04,-6.335786161140e-03,-5.225759002559e-02,9.946896279522e-01,-8.689816490331e-02
6.060000000000e+09,3.091700419134e+01,-3.755839499974e-04,-6.367615351694e-03,-5.237989726966e-02,9.946620210122e-01,-8.710451208919e-02
6.075000000000e+09,3.091699209516e+01,-2.739710124460e-04,-6.399395174020e-03,-5.250214725057e-02,9.946345501508e-01,-8.731077376721e-02
6.090000000000e+09,3.091698765339e+01,-1.713167408929e-04,-6.431124795423e-03,-5.262434271526e-02,9.946072169554e-01,-8.751695436492e-02
6.105000000000e+09,3.091699085550e+01,-6.763112453976e-05,-6.462803427239e-03,-5.274648642872e-02,9.945800229452e-01,-8.772305834339e-02
6.120000000000e+09,3.091700168657e+01,3.707432986277e-05,-6.494430324946e-03,-5.286858117370e-02,9.945529695714e-01,-8.792909019687e-02
6.135000000000e+09,3.091702012726e+01,1.427865297127e-04,-6.526004788276e-03,-5.299062975051e-02,9.945260582168e-01,-8.813505445239e-02
6.150000000000e+09,3.091704615391e+01,2.494907234473e-04,-6.557526161347e-03,-5.311263497673e-02,9.944992901956e-01,-8.834095566945e-02
6.165000000000e+09,3.091707973850e+01,3.571704369427e-04,-6.588993832809e-03,-5.323459968695e-02,9.944726667534e-01,-8.854679843958e-02
6.180000000000e+09,3.091712084880e+01,4.658074013914e-04,-6.620407236003e-03,-5.335652673256e-02,9.944461890665e-01,-8.875258738607e-02
6.195000000000e+09,3.091716944830e+01,5.753815001485e-04,-6.651765849136e-03,-5.347841898147e-02,9.944198582423e-01,-8.895832716356e-02
6.210000000000e+09,3.091722549633e+01,6.858706893042e-04,-6.683069195467e-03,-5.360027931785e-02,9.943936753182e-01,-8.916402245769e-02
6.225000000000e+09,3.091728894806e+01,7.972509411298e-04,-6.714316843519e-03,-5.372211064190e-02,9.943676412618e-01,-8.936967798479e-02
6.240000000000e+09,3.091735975456e+01,9.094961931509e-04,-6.745508407291e-03,-5.384391586962e-02,9.943417569704e-01,-8.957529849145e-02
6.255000000000e+09,3.091743786285e+01,1.022578269237e-03,-6.776643546497e-03,-5.396569793250e-02,9.943160232706e-01,-8.978088875425e-02
6.270000000000e+09,3.091752321593e+01,1.136466832590e-03,-6.807721966820e-03,-5.408745977732e-02,9.942904409180e-01,-8.998645357936e-02
6.285000000000e+09,3.091761575283e+01,1.251129328087e-03,-6.838743420174e-03,-5.420920436585e-02,9.942650105964e-01,-9.019199780218e-02
6.300000000000e+09,3.091771540866e+01,1.366530915619e-03,-6.869707704995e-03,-5.433093467463e-02,9.942397329179e-01,-9.039752628702e-02
6.315000000000e+09,3.091782211465e+01,1.482634436080e-03,-6.900614666535e-03,-5.445265369471e-02,9.942146084218e-01,-9.060304392671e-02
6.330000000000e+09,3.091793579820e+01,1.599400334630e-03,-6.931464197187e-03,-5.457436443134e-02,9.941896375747e-01,-9.080855564224e-02
6.345000000000e+09,3.091805638295e+01,1.716786618526e-03,-6.962256236817e-03,-5.469606990374e-02,9.941648207693e-01,-9.101406638240e-02
6.360000000000e+09,3.091818378878e+01,1.834748819770e-03,-6.992990773117e-03,-5.481777314485e-02,9.941401583243e-01,-9.121958112342e-02
6.375000000000e+09,3.091831793190e+01,1.953239920659e-03,-7.023667841975e-03,-5.493947720099e-02,9.941156504836e-01,-9.142510486857e-02
6.390000000000e+09,3.091845872489e+01,2.072210322826e-03,-7.054287527869e-03,-5.506118513165e-02,9.940912974157e-01,-9.163064264777e-02
6.405000000000e+09,3.091860607671e+01,2.191607801310e-03,-7.084849964272e-03,-5.518290000913e-02,9.940670992128e-01,-9.183619951725e-02
6.420000000000e+09,3.091875989284e+01,2.311377451807e-03,-7.115355334074e-03,-5.530462491833e-02,9.940430558906e-01,-9.204178055910e-02
6.435000000000e+09,3.091892007524e+01,2.431461661139e-03,-7.145803870039e-03,-5.542636295638e-02,9.940191673868e-01,-9.224739088090e-02
6.450000000000e+09,3.091908652244e+01,2.551800047424e-03,-7.176195855260e-03,-5.554811723239e-02,9.939954335613e-01,-9.245303561526e-02
6.465000000000e+09,3.091925912959e+01,2.672329440298e-03,-7.206531623649e-03,-5.566989086708e-02,9.939718541943e-01,-9.265871991947e-02
6.480000000000e+09,3.091943778852e+01,2.792983827215e-03,-7.236811560444e-03,-5.579168699252e-02,9.939484289863e-01,-9.286444897497e-02
6.495000000000e+09,3.091962238776e+01,2.913694327009e-03,-7.267036102730e-03,-5.591350875177e-02,9.939251575570e-01,-9.307022798701e-02
6.510000000000e+09,3.091981281264e+01,3.034389158406e-03,-7.297205739992e-03,-5.603535929852e-02,9.939020394439e-01,-9.327606218408e-02
6.525000000000e+09,3.092000894530e+01,3.154993594705e-03,-7.327321014679e-03,-5.615724179679e-02,9.938790741022e-01,-9.348195681754e-02
6.540000000000e+09,3.092021066477e+01,3.275429941387e-03,-7.357382522795e-03,-5.627915942055e-02,9.938562609030e-01,-9.368791716106e-02
6.555000000000e+09,3.092041784700e+01,3.395617513112e-03,-7.387390914509e-03,-5.640111535333e-02,9.938335991328e-01,-9.389394851014e-02
6.570000000000e+09,3.092063036495e+01,3.515472594701e-03,-7.417346894795e-03,-5.652311278787e-02,9.938110879921e-01,-9.410005618163e-02
6.585000000000e+09,3.092084808858e+01,3.634908424499e-03,-7.447251224081e-03,-5.664515492573e-02,9.937887265945e-01,-9.430624551313e-02
6.600000000000e+09,3.092107088499e+01,3.753835172693e-03,-7.477104718936e-03,-5.676724497684e-02,9.937665139655e-01,-9.451252186249e-02
6.615000000000e+09,3.092129861840e+01,3.872159913008e-03,-7.506908252768e-03,-5.688938615912e-02,9.937444490413e-01,-9.471889060720e-02
6.630000000000e+09,3.092153115024e+01,3.989786611323e-03,-7.536662756554e-03,-5.701158169806e-02,9.937225306674e-01,-9.492535714383e-02
6.645000000000e+09,3.092176833921e+01,4.106616106474e-03,-7.566369219591e-03,-5.713383482621e-02,9.937007575977e-01,-9.513192688739e-02
6.660000000000e+09,3.092201004130e+01,4.222546095558e-03,-7.596028690273e-03,-5.725614878278e-02,9.936791284927e-01,-9.533860527072e-02
6.675000000000e+09,3.092225610987e+01,4.337471127943e-03,-7.625642276893e-03,-5.737852681313e-02,9.936576419186e-01,-9.554539774379e-02
6.690000000000e+09,3.092250639572e+01,4.451282583839e-03,-7.655211148466e-03,-5.750097216824e-02,9.936362963455e-01,-9.575230977305e-02
6.705000000000e+09,3.092276074710e+01,4.563868676029e-03,-7.684736535587e-03,-5.762348810426e-02,9.936150901462e-01,-9.595934684069e-02
6.720000000000e+09,3.092301900981e+01,4.675114446094e-03,-7.714219731308e-03,-5.774607788193e-02,9.935940215947e-01,-9.616651444392e-02
6.735000000000e+09,3.092328102722e+01,4.784901755526e-03,-7.743662092041e-03,-5.786874476600e-02,9.935730888645e-01,-9.637381809418e-02
6.750000000000e+09,3.092354664035e+01,4.893109295012e-03,-7.773065038497e-03,-5.799149202471e-02,9.935522900269e-01,-9.658126331636e-02
6.765000000000e+09,3.092381568792e+01,4.999612573748e-03,-7.802430056641e-03,-5.811432292916e-02,9.935316230498e-01,-9.678885564795e-02
6.780000000000e+09,3.092408800636e+01,5.104283939582e-03,-7.831758698684e-03,-5.823724075267e-02,9.935110857955e-01,-9.699660063816e-02
6.795000000000e+09,3.092436342995e+01,5.206992579278e-03,-7.861052584101e-03,-5.836024877014e-02,9.934906760193e-01,-9.720450384705e-02
6.810000000000e+09,3.092464179079e+01,5.307604533082e-03,-7.890313400672e-03,-5.848335025741e-02,9.934703913674e-01,-9.741257084454e-02
6.825000000000e+09,3.092492291892e+01,5.405982705986e-03,-7.919542905563e-03,-5.860654849051e-02,9.934502293755e-01,-9.762080720949e-02
6.840000000000e+09,3.092520664231e+01,5.501986882275e-03,-7.948742926428e-03,-5.872984674495e-02,9.934301874664e-01,-9.782921852862e-02
6.855000000000e+09,3.092549278697e+01,5.595473758677e-03,-7.977915362546e-03,-5.885324829497e-02,9.934102629481e-01,-9.803781039547e-02
6.870000000000e+09,3.092578117698e+01,5.686296949724e-03,-8.007062185983e-03,-5.897675641277e-02,9.933904530124e-01,-9.824658840929e-02
6.885000000000e+09,3.092607163452e+01,5.774307026714e-03,-8.036185442793e-03,-5.910037436763e-02,9.933707547318e-01,-9.845555817388e-02
6.900000000000e+09,3.092636397997e+01,5.859351542388e-03,-8.065287254246e-03,-5.922410542511e-02,9.933511650582e-01,-9.866472529635e-02
6.915000000000e+09,3.092665803191e+01,5.941275068506e-03,-8.094369818085e-03,-5.934795284615e-02,9.933316808206e-01,-9.887409538594e-02
6.930000000000e+09,3.092695360723e+01,6.019919223341e-03,-8.123435409817e-03,-5.947191988615e-02,9.933122987223e-01,-9.908367405261e-02
6.945000000000e+09,3.092725052111e+01,6.095122721041e-03,-8.152486384045e-03,-5.959600979397e-02,9.932930153392e-01,-9.929346690574e-02
6.960000000000e+09,3.092754858714e+01,6.166721415770e-03,-8.181525175818e-03,-5.972022581100e-02,9.932738271172e-01,-9.950347955265e-02
6.975000000000e+09,3.092784761731e+01,6.234548339560e-03,-8.210554302027e-03,-5.984457117006e-02,9.932547303698e-01,-9.971371759717e-02
6.990000000000e+09,3.092814742212e+01,6.298433761505e-03,-8.239576362828e-03,-5.996904909434e-02,9.932357212754e-01,-9.992418663800e-02
7.005000000000e+09,3.092844781055e+01,6.358205245921e-03,-8.268594043096e-03,-6.009366279626e-02,9.932167958752e-01,-1.001348922672e-01
7.020000000000e+09,3.092874859020e+01,6.413687699881e-03,-8.297610113930e-03,-6.021841547631e-02,9.931979500700e-01,-1.003458400683e-01
7.035000000000e+09,3.092904956725e+01,6.464703452442e-03,-8.326627434167e-03,-6.034331032183e-02,9.931791796181e-01,-1.005570356149e-01
7.050000000000e+09,3.092935054657e+01,6.511072309321e-03,-8.355648951956e-03,-6.046835050572e-02,9.931604801321e-01,-1.007684844683e-01
7.065000000000e+09,3.092965133172e+01,6.552611632250e-03,-8.384677706351e-03,-6.059353918513e-02,9.931418470763e-01,-1.009801921760e-01
7.080000000000e+09,3.092995172504e+01,6.589136413123e-03,-8.413716828943e-03,-6.071887950004e-02,9.931232757637e-01,-1.011921642698e-01
7.095000000000e+09,3.093025152765e+01,6.620459358536e-03,-8.442769545533e-03,-6.084437457191e-02,9.931047613533e-01,-1.014044062629e-01
7.110000000000e+09,3.093055053951e+01,6.646390971367e-03,-8.471839177835e-03,-6.097002750208e-02,9.930862988468e-01,-1.016169236489e-01
7.125000000000e+09,3.093084855946e+01,6.666739646168e-03,-8.500929145218e-03,-6.109584137030e-02,9.930678830854e-01,-1.018297218985e-01
7.140000000000e+09,3.093114538527e+01,6.681311763812e-03,-8.530042966484e-03,-6.122181923307e-02,9.930495087472e-01,-1.020428064576e-01
7.155000000000e+09,3.093144081366e+01,6.689911794200e-03,-8.559184261680e-03,-6.134796412192e-02,9.930311703432e-01,-1.022561827449e-01
7.170000000000e+09,3.093173464035e+01,6.692342396749e-03,-8.588356753949e-03,-6.147427904174e-02,9.930128622149e-01,-1.024698561489e-01
7.185000000000e+09,3.093202666009e+01,6.688404543861e-03,-8.617564271416e-03,-6.160076696886e-02,9.929945785300e-01,-1.026838320258e-01
7.200000000000e+09,3.093231666670e+01,6.677897626297e-03,-8.646810749112e-03,-6.172743084920e-02,9.929763132797e-01,-1.028981156959e-01
7.215000000000e+09,3.093260445310e+01,6.660619586287e-03,-8.676100230928e-03,-6.185427359627e-02,9.929580602746e-01,-1.031127124415e-01
7.230000000000e+09,3.093288981135e+01,6.636367037844e-03,-8.705436871617e-03,-6.198129808913e-02,9.929398131416e-01,-1.033276275033e-01
7.245000000000e+09,3.093317253265e+01,6.604935413887e-03,-8.734824938819e-03,-6.210850717019e-02,9.929215653199e-01,-1.035428660773e-01
7.260000000000e+09,3.093345240742e+01,6.566119098001e-03,-8.764268815126e-03,-6.223590364302e-02,9.929033100575e-01,-1.037584333115e-01
7.275000000000e+09,3.093372922528e+01,6.519711571430e-03,-8.793773000187e-03,-6.236349027003e-02,9.928850404072e-01,-1.039743343024e-01
7.290000000000e+09,3.093400277510e+01,6.465505578157e-03,-8.823342112842e-03,-6.249126977001e-02,9.928667492229e-01,-1.041905740916e-01
7.305000000000e+09,3.093427284502e+01,6.403293275208e-03,-8.852980893291e-03,-6.261924481561e-02,9.928484291554e-01,-1.044071576617e-01
7.320000000000e+09,3.093453922245e+01,6.332866406271e-03,-8.882694205296e-03,-6.274741803077e-02,9.928300726487e-01,-1.046240899324e-01
7.335000000000e+09,3.093480169414e+01,6.254016473693e-03,-8.912487038421e-03,-6.287579198793e-02,9.928116719356e-01,-1.048413757566e-01
7.350000000000e+09,3.093506004613e+01,6.166534922588e-03,-8.942364510294e-03,-6.300436920523e-02,9.927932190339e-01,-1.050590199160e-01
7.365000000000e+09,3.093531406382e+01,6.070213336736e-03,-8.972331868913e-03,-6.313315214352e-02,9.927747057417e-01,-1.052770271165e-01
7.380000000000e+09,3.093556353196e+01,5.964843619558e-03,-9.002394494969e-03,-6.326214320332e-02,9.927561236335e-01,-1.054954019838e-01
7.395000000000e+09,3.093580823468e+01,5.850218215945e-03,-9.032557904204e-03,-6.339134472158e-02,9.927374640556e-01,-1.057141490583e-01
7.410000000000e+09,3.093604795544e+01,5.726130318823e-03,-9.062827749800e-03,-6.352075896840e-02,9.927187181219e-01,-1.059332727902e-01
7.425000000000e+09,3.093628247713e+01,5.592374087253e-03,-9.093209824787e-03,-6.365038814351e-02,9.926998767091e-01,-1.061527775341e-01
7.440000000000e+09,3.093651158200e+01,5.448744883549e-03,-9.123710064479e-03,-6.378023437273e-02,9.926809304524e-01,-1.063726675438e-01
7.455000000000e+09,3.093673505168e+01,5.295039507784e-03,-9.154334548931e-03,-6.391029970415e-02,9.926618697408e-01,-1.065929469660e-01
7.470000000000e+09,3.093695266720e+01,5.131056441780e-03,-9.185089505419e-03,-6.404058610430e-02,9.926426847122e-01,-1.068136198350e-01
7.485000000000e+09,3.093716420896e+01,4.956596113369e-03,-9.215981310934e-03,-6.417109545406e-02,9.926233652492e-01,-1.070346900659e-01
7.500000000000e+09,3.093736945674e+01,4.771461156870e-03,-9.247016494700e-03,-6.430182954443e-02,9.926039009737e-01,-1.072561614486e-01
7.515000000000e+09,3.093756818968e+01,4.575456688641e-03,-9.278201740692e-03,-6.443279007219e-02,9.925842812425e-01,-1.074780376407e-01
7.530000000000e+09,3.093776018628e+01,4.368390592911e-03,-9.309543890181e-03,-6.456397863532e-02,9.925644951424e-01,-1.077003221606e-01
7.545000000000e+09,3.093794522439e+01,4.150073820103e-03,-9.341049944271e-03,-6.469539672823e-02,9.925445314849e-01,-1.079230183801e-01
7.560000000000e+09,3.093812308116e+01,3.920320684612e-03,-9.372727066452e-03,-6.482704573688e-02,9.925243788018e-01,-1.081461295169e-01
7.575000000000e+09,3.093829353307e+01,3.678949187961e-03,-9.404582585147e-03,-6.495892693365e-02,9.925040253397e-01,-1.083696586268e-01
7.590000000000e+09,3.093845635586e+01,3.425781343535e-03,-9.436623996256e-03,-6.509104147198e-02,9.924834590554e-01,-1.085936085947e-01
7.605000000000e+09,3.093861132454e+01,3.160643507316e-03,-9.468858965692e-03,-6.522339038088e-02,9.924626676106e-01,-1.088179821271e-01
7.620000000000e+09,3.093875821333e+01,2.883366740790e-03,-9.501295331913e-03,-6.535597455916e-02,9.924416383670e-01,-1.090427817422e-01
7.635000000000e+09,3.093889679567e+01,2.593787157201e-03,-9.533941108417e-03,-6.548879476944e-02,9.924203583812e-01,-1.092680097608e-01
7.650000000000e+09,3.093902684413e+01,2.291746300884e-03,-9.566804486241e-03,-6.562185163199e-02,9.923988143996e-01,-1.094936682970e-01
7.665000000000e+09,3.093914813044e+01,1.977091531787e-03,-9.599893836406e-03,-6.575514561821e-02,9.923769928535e-01,-1.097197592475e-01
7.680000000000e+09,3.093926042539e+01,1.649676417420e-03,-9.633217712345e-03,-6.588867704402e-02,9.923548798539e-01,-1.099462842815e-01
7.695000000000e+09,3.093936349881e+01,1.309361148023e-03,-9.666784852282e-03,-6.602244606281e-02,9.923324611867e-01,-1.101732448295e-01
7.710000000000e+09,3.093945711955e+01,9.560129534769e-04,-9.700604181563e-03,-6.615645265828e-02,9.923097223076e-01,-1.104006420720e-01
7.725000000000e+09,3.093954105539e+01,5.895065377493e-04,-9.734684814931e-03,-6.629069663691e-02,9.922866483370e-01,-1.106284769278e-01
7.740000000000e+09,3.093961507300e+01,2.097245365473e-04,-9.769036058741e-03,-6.642517762019e-02,9.922632240558e-01,-1.108567500414e-01
7.755000000000e+09,3.093967893790e+01,-1.834420340162e-04,-9.803667413096e-03,-6.655989503648e-02,9.922394338998e-01,-1.110854617702e-01
7.770000000000e+09,3.093973241442e+01,-5.900932858272e-04,-9.838588573904e-03,-6.669484811272e-02,9.922152619556e-01,-1.113146121714e-01
7.785000000000e+09,3.093977526558e+01,-1.010319987422e-03,-9.873809434838e-03,-6.683003586560e-02,9.921906919559e-01,-1.115442009881e-01
7.800000000000e+09,3.093980725309e+01,-1.444203037563e-03,-9.909340089201e-03,-6.696545709264e-02,9.921657072748e-01,-1.117742276347e-01
7.815000000000e+09,3.093982813728e+01,-1.891812962331e-03,-9.945190831671e-03,-6.710111036272e-02,9.921402909236e-01,-1.120046911820e-01
7.830000000000e+09,3.093983767698e+01,-2.353209365140e-03,-9.981372159916e-03,-6.723699400643e-02,9.921144255469e-01,-1.122355903418e-01
7.845000000000e+09,3.093983562953e+01,-2.828440393129e-03,-1.001789477607e-02,-6.737310610592e-02,9.920880934180e-01,-1.124669234507e-01
7.860000000000e+09,3.093982175067e+01,-3.317542155934e-03,-1.005476958807e-02,-6.750944448454e-02,9.920612764356e-01,-1.126986884529e-01
7.875000000000e+09,3.093979579446e+01,-3.820538150559e-03,-1.009200771081e-02,-6.764600669591e-02,9.920339561202e-01,-1.129308828836e-01
7.890000000000e+09,3.093975751325e+01,-4.337438661792e-03,-1.012962046708e-02,-6.778279001275e-02,9.920061136101e-01,-1.131635038499e-01
7.905000000000e+09,3.093970665756e+01,-4.868240144891e-03,-1.016761938838e-02,-6.791979141521e-02,9.919777296594e-01,-1.133965480129e-01
7.920000000000e+09,3.093964297606e+01,-5.412924596263e-03,-1.020601621546e-02,-6.805700757887e-02,9.919487846340e-01,-1.136300115677e-01
7.935000000000e+09,3.093956621545e+01,-5.971458905681e-03,-1.024482289862e-02,-6.819443486218e-02,9.919192585102e-01,-1.138638902232e-01
7.950000000000e+09,3.093947612043e+01,-6.543794184391e-03,-1.028405159777e-02,-6.833206929362e-02,9.918891308719e-01,-1.140981791813e-01
7.965000000000e+09,3.093937243360e+01,-7.129865085012e-03,-1.032371468222e-02,-6.846990655826e-02,9.918583809089e-01,-1.143328731148e-01
7.980000000000e+09,3.093925489540e+01,-7.729589097074e-03,-1.036382473013e-02,-6.860794198396e-02,9.918269874162e-01,-1.145679661452e-01
7.995000000000e+09,3.093912324404e+01,-8.342865836099e-03,-1.040439452769e-02,-6.874617052701e-02,9.917949287924e-01,-1.148034518192e-01
8.010000000000e+09,3.093897721546e+01,-8.969576291917e-03,-1.044543706789e-02,-6.888458675737e-02,9.917621830397e-01,-1.150393230841e-01
8.025000000000e+09,3.093881654323e+01,-9.609582082665e-03,-1.048696554896e-02,-6.902318484332e-02,9.917287277641e-01,-1.152755722631e-01
8.040000000000e+09,3.093864095850e+01,-1.026272467499e-02,-1.052899337237e-02,-6.916195853564e-02,9.916945401762e-01,-1.155121910293e-01
8.055000000000e+09,3.093845018996e+01,-1.092882459287e-02,-1.057153414042e-02,-6.930090115129e-02,9.916595970925e-01,-1.157491703782e-01
8.070000000000e+09,3.093824396378e+01,-1.160768060435e-02,-1.061460165335e-02,-6.944000555653e-02,9.916238749373e-01,-1.159865006004e-01
8.085000000000e+09,3.093802200357e+01,-1.229906888783e-02,-1.065820990592e-02,-6.957926414943e-02,9.915873497463e-01,-1.162241712527e-01
8.100000000000e+09,3.093778403033e+01,-1.300274218340e-02,-1.070237308354e-02,-6.971866884196e-02,9.915499971691e-01,-1.164621711280e-01
8.115000000000e+09,3.093752976245e+01,-1.371842892684e-02,-1.074710555770e-02,-6.985821104142e-02,9.915117924745e-01,-1.167004882243e-01
8.130000000000e+09,3.093725891563e+01,-1.444583235085e-02,-1.079242188090e-02,-6.999788163128e-02,9.914727105558e-01,-1.169391097137e-01
8.145000000000e+09,3.093697120294e+01,-1.518462958691e-02,-1.083833678088e-02,-7.013767095152e-02,9.914327259368e-01,-1.171780219083e-01
8.160000000000e+09,3.093666633477e+01,-1.593447073791e-02,-1.088486515412e-02,-7.027756877833e-02,9.913918127793e-01,-1.174172102272e-01
8.175000000000e+09,3.093634401883e+01,-1.669497792604e-02,-1.093202205867e-02,-7.041756430318e-02,9.913499448922e-01,-1.176566591609e-01
8.190000000000e+09,3.093600396022e+01,-1.746574433110e-02,-1.097982270609e-02,-7.055764611134e-02,9.913070957403e-01,-1.178963522352e-01
8.205000000000e+09,3.093564586143e+01,-1.824633321497e-02,-1.102828245267e-02,-7.069780215981e-02,9.912632384563e-01,-1.181362719741e-01
8.220000000000e+09,3.093526942240e+01,-1.903627690889e-02,-1.107741678963e-02,-7.083801975455e-02,9.912183458525e-01,-1.183763998612e-01
8.235000000000e+09,3.093487434060e+01,-1.983507580262e-02,-1.112724133246e-02,-7.097828552724e-02,9.911723904348e-01,-1.186167163002e-01
8.250000000000e+09,3.093446031110e+01,-2.064219730556e-02,-1.117777180922e-02,-7.111858541124e-02,9.911253444187e-01,-1.188572005741e-01
8.265000000000e+09,3.093402702671e+01,-2.145707479709e-02,-1.122902404772e-02,-7.125890461716e-02,9.910771797454e-01,-1.190978308035e-01
8.280000000000e+09,3.093357417805e+01,-2.227910655048e-02,-1.128101396168e-02,-7.139922760764e-02,9.910278681014e-01,-1.193385839036e-01
8.295000000000e+09,3.093310145380e+01,-2.310765465360e-02,-1.133375753554e-02,-7.153953807166e-02,9.909773809391e-01,-1.195794355398e-01
8.310000000000e+09,3.093260854078e+01,-2.394204390833e-02,-1.138727080817e-02,-7.167981889818e-02,9.909256894991e-01,-1.198203600826e-01
8.325000000000e+09,3.093209512422e+01,-2.478156071432e-02,-1.144156985508e-02,-7.182005214928e-02,9.908727648356e-01,-1.200613305609e-01
8.340000000000e+09,3.093156088801e+01,-2.562545194549e-02,-1.149667076928e-02,-7.196021903267e-02,9.908185778429e-01,-1.203023186148e-01
8.355000000000e+09,3.093100551492e+01,-2.647292381269e-02,-1.155258964070e-02,-7.210029987371e-02,9.907630992851e-01,-1.205432944465e-01
8.370000000000e+09,3.093042868693e+01,-2.732314070482e-02,-1.160934253391e-02,-7.224027408687e-02,9.907062998280e-01,-1.207842267706e-01
8.385000000000e+09,3.092983008561e+01,-2.817522404449e-02,-1.166694546425e-02,-7.238012014677e-02,9.906481500737e-01,-1.210250827633e-01
8.400000000000e+09,3.092920939243e+01,-2.902825111309e-02,-1.172541437224e-02,-7.251981555866e-02,9.905886205978e-01,-1.212658280107e-01
8.415000000000e+09,3.092856628926e+01,-2.988125388826e-02,-1.178476509606e-02,-7.265933682858e-02,9.905276819896e-01,-1.215064264556e-01
8.430000000000e+09,3.092790045881e+01,-3.073321785089e-02,-1.184501334216e-02,-7.279865943302e-02,9.904653048960e-01,-1.217468403439e-01
8.445000000000e+09,3.092721158512e+01,-3.158308083651e-02,-1.190617465383e-02,-7.293775778838e-02,9.904014600676e-01,-1.219870301701e-01
8.460000000000e+09,3.092649935420e+01,-3.242973183116e-02,-1.196826437760e-02,-7.307660522001e-02,9.903361184092e-01,-1.222269546216e-01
8.475000000000e+09,3.092576345459e+01,-3.327200981342e-02,-1.203129762747e-02,-7.321517393109e-02,9.902692510331e-01,-1.224665705227e-01
8.490000000000e+09,3.092500357808e+01,-3.410870258249e-02,-1.209528924676e-02,-7.335343497136e-02,9.902008293174e-01,-1.227058327776e-01
8.505000000000e+09,3.092421942043e+01,-3.493854560273e-02,-1.216025376750e-02,-7.349135820574e-02,9.901308249665e-01,-1.229446943136e-01
8.520000000000e+09,3.092341068223e+01,-3.576022085987e-02,-1.222620536732e-02,-7.362891228288e-02,9.900592100776e-01,-1.231831060226e-01
8.535000000000e+09,3.092257706968e+01,-3.657235572048e-02,-1.229315782363e-02,-7.376606460394e-02,9.899859572105e-01,-1.234210167038e-01
8.550000000000e+09,3.092171829564e+01,-3.737352183496e-02,-1.236112446505e-02,-7.390278129139e-02,9.899110394620e-01,-1.236583730051e-01
8.565000000000e+09,3.092083408058e+01,-3.816223404162e-02,-1.243011811994e-02,-7.403902715814e-02,9.898344305455e-01,-1.238951193653e-01
8.580000000000e+09,3.091992415371e+01,-3.893694931570e-02,-1.250015106193e-02,-7.417476567716e-02,9.897561048754e-01,-1.241311979558e-01
8.595000000000e+09,3.091898825414e+01,-3.969606573835e-02,-1.257123495230e-02,-7.430995895150e-02,9.896760376565e-01,-1.243665486230e-01
8.610000000000e+09,3.091802613218e+01,-4.043792151862e-02,-1.264338077921e-02,-7.444456768506e-02,9.895942049790e-01,-1.246011088318e-01
8.625000000000e+09,3.091703755067e+01,-4.116079404641e-02,-1.271659879346e-02,-7.457855115412e-02,9.895105839192e-01,-1.248348136087e-01
8.640000000000e+09,3.091602228643e+01,-4.186289900301e-02,-1.279089844092e-02,-7.471186717994e-02,9.894251526455e-01,-1.250675954872e-01
8.655000000000e+09,3.091498013180e+01,-4.254238952794e-02,-1.286628829129e-02,-7.484447210240e-02,9.893378905309e-01,-1.252993844538e-01
8.670000000000e+09,3.091391089632e+01,-4.319735545163e-02,-1.294277596326e-02,-7.497632075510e-02,9.892487782718e-01,-1.255301078957e-01
8.685000000000e+09,3.091281440843e+01,-4.382582258428e-02,-1.302036804583e-02,-7.510736644192e-02,9.891577980127e-01,-1.257596905509e-01
8.700000000000e+09,3.091169051735e+01,-4.442575211413e-02,-1.309907001580e-02,-7.523756091544e-02,9.890649334778e-01,-1.259880544596e-01
8.715000000000e+09,3.091053909506e+01,-4.499504005891e-02,-1.317888615128e-02,-7.536685435724e-02,9.889701701097e-01,-1.262151189197e-01
8.730000000000e+09,3.090936003835e+01,-4.553151684092e-02,-1.325981944114e-02,-7.549519536060e-02,9.888734952142e-01,-1.264408004437e-01
8.745000000000e+09,3.090815327104e+01,-4.603294694397e-02,-1.334187149033e-02,-7.562253091561e-02,9.887748981136e-01,-1.266650127204e-01
8.760000000000e+09,3.090691874627e+01,-4.649702871159e-02,-1.342504242104e-02,-7.574880639711e-02,9.886743703057e-01,-1.268876665797e-01
8.775000000000e+09,3.090565644895e+01,-4.692139424395e-02,-1.350933076963e-02,-7.587396555575e-02,9.885719056316e-01,-1.271086699621e-01
8.790000000000e+09,3.090436639832e+01,-4.730360945436e-02,-1.359473337913e-02,-7.599795051248e-02,9.884675004500e-01,-1.273279278931e-01
8.805000000000e+09,3.090304865063e+01,-4.764117426201e-02,-1.368124528767e-02,-7.612070175670e-02,9.883611538200e-01,-1.275453424630e-01
8.820000000000e+09,3.090170330192e+01,-4.793152295058e-02,-1.376885961235e-02,-7.624215814862e-02,9.882528676909e-01,-1.277608128124e-01
8.835000000000e+09,3.090033049100e+01,-4.817202469171e-02,-1.385756742900e-02,-7.636225692605e-02,9.881426471001e-01,-1.279742351249e-01
8.850000000000e+09,3.089893040247e+01,-4.835998425693e-02,-1.394735764752e-02,-7.648093371599e-02,9.880305003787e-01,-1.281855026267e-01
8.865000000000e+09,3.089750326994e+01,-4.849264294841e-02,-1.403821688304e-02,-7.659812255153e-02,9.879164393648e-01,-1.283945055936e-01
8.880000000000e+09,3.089604937929e+01,-4.856717971219e-02,-1.413012932301e-02,-7.671375589446e-02,9.878004796243e-01,-1.286011313678e-01
8.895000000000e+09,3.089456907215e+01,-4.858071249876e-02,-1.422307659016e-02,-7.682776466382e-02,9.876826406799e-01,-1.288052643827e-01
8.910000000000e+09,3.089306274943e+01,-4.853029987065e-02,-1.431703760158e-02,-7.694007827121e-02,9.875629462463e-01,-1.290067861986e-01
8.925000000000e+09,3.089153087496e+01,-4.841294284870e-02,-1.441198842415e-02,-7.705062466293e-02,9.874414244736e-01,-1.292055755487e-01
8.940000000000e+09,3.088997397931e+01,-4.822558705825e-02,-1.450790212638e-02,-7.715933036966e-02,9.873181081975e-01,-1.294015083972e-01
8.955000000000e+09,3.088839266364e+01,-4.796512514987e-02,-1.460474862700e-02,-7.726612056414e-02,9.871930351954e-01,-1.295944580095e-01
8.970000000000e+09,3.088678760367e+01,-4.762839952196e-02,-1.470249454063e-02,-7.737091912718e-02,9.870662484497e-01,-1.297842950358e-01
8.985000000000e+09,3.088515955378e+01,-4.721220539775e-02,-1.480110302071e-02,-7.747364872268e-02,9.869377964157e-01,-1.299708876084e-01
9.000000000000e+09,3.088350935111e+01,-4.671329419241e-02,-1.490053360023e-02,-7.757423088203e-02,9.868077332957e-01,-1.301541014549e-01
